{"bootstrapped_fid": {"lama": {"mean": 81.06025390625, "std": 5.009490894727306}, "opencv": {"mean": 91.62614135742187, "std": 3.5529643877130317}, "sd": {"mean": 88.81620941162109, "std": 4.3351150337292825}}, "normality": {"lama": {"statistic": 0.9646468136453585, "p_value": 0.8399106384339806, "normal": "True"}, "opencv": {"statistic": 0.8603790688867831, "p_value": 0.22961255477892423, "normal": "True"}, "sd": {"statistic": 0.9218916621338166, "p_value": 0.5422159432074816, "normal": "True"}}, "wilcoxon": {"opencv_lama": {"p_value": 0.0625, "observed_diff": 10.765617370605469}, "sd_lama": {"p_value": 0.125, "observed_diff": 3.1677932739257812}, "lama_sd": {"p_value": 0.125, "observed_diff": -3.1677932739257812}, "opencv_sd": {"p_value": 0.8125, "observed_diff": -0.11586761474609375}}, "t_test": {"opencv_lama": {"p_value": 0.010336601126023212, "observed_diff": 10.565887451171875}, "sd_lama": {"p_value": 0.047940450711183365, "observed_diff": 7.755955505371091}, "lama_sd": {"p_value": 0.047940450711183365, "observed_diff": -7.755955505371091}, "opencv_sd": {"p_value": 0.34648622892859954, "observed_diff": 2.809931945800784}}}