{"normality": {"lama": {"statistic": 0.977916618715187, "p_value": 0.923178392618461, "normal": "True"}, "opencv": {"statistic": 0.9438048927090488, "p_value": 0.6929486511453322, "normal": "True"}, "sd": {"statistic": 0.8600472426545216, "p_value": 0.22841802865668853, "normal": "True"}}, "wilcoxon": {"opencv_lama": {"p_value": 0.3125, "observed_diff": 14.119842529296875}, "sd_lama": {"p_value": 0.8125, "observed_diff": -0.177215576171875}, "lama_sd": {"p_value": 0.8125, "observed_diff": 0.177215576171875}, "opencv_sd": {"p_value": 0.125, "observed_diff": 22.333160400390625}}, "t_test": {"opencv_lama": {"p_value": 0.13419557636014307, "observed_diff": 12.394992065429676}, "sd_lama": {"p_value": 0.443522118124965, "observed_diff": -4.864492797851568}, "lama_sd": {"p_value": 0.443522118124965, "observed_diff": 4.864492797851568}, "opencv_sd": {"p_value": 0.026261801477792515, "observed_diff": 17.259484863281244}}}