{"normality": {"lama": {"statistic": 0.9975527601331395, "p_value": 0.6799608874470291, "normal": "True"}, "opencv": {"statistic": 0.9987331764083414, "p_value": 0.9798370540166224, "normal": "True"}, "sd": {"statistic": 0.9974450306174784, "p_value": 0.6420834098641631, "normal": "True"}}, "wilcoxon": {"opencv_lama": {"p_value": 1.802667094044925e-83, "observed_diff": 5.25031852722168}, "sd_lama": {"p_value": 0.036968367855308736, "observed_diff": -0.19739532470703125}, "lama_sd": {"p_value": 0.036968367855308736, "observed_diff": 0.19739532470703125}, "opencv_sd": {"p_value": 1.8464844887589887e-83, "observed_diff": 5.394451141357422}}, "t_test": {"opencv_lama": {"p_value": 8.278916397489018e-278, "observed_diff": 5.133258468627922}, "sd_lama": {"p_value": 0.01585262540813553, "observed_diff": -0.22938246154785702}, "lama_sd": {"p_value": 0.01585262540813553, "observed_diff": 0.22938246154785702}, "opencv_sd": {"p_value": 2.430100587046893e-291, "observed_diff": 5.362640930175779}}}