{"lama": 31.672792434692383, "opencv": 37.10226058959961, "sd": 32.127830505371094}