{"lama_small": 42.21080780029297, "lama_middle": 62.3987922668457, "lama_big": 171.03958129882812, "opencv_small": 39.33544158935547, "opencv_middle": 80.3125991821289, "opencv_big": 192.89781188964844, "sd_small": 51.94587326049805, "sd_middle": 73.8427505493164, "sd_big": 182.8084716796875}