{"lama": 38.54084014892578, "opencv": 45.39881134033203, "sd": 40.668601989746094}