{"lama": 75.00149536132812, "opencv": 80.95915985107422, "sd": 78.95413208007812}