{"lama": 42.87151336669922, "opencv": 49.664100646972656, "sd": 44.95241928100586}