{"lama": 78.24190521240234, "opencv": 84.48839569091797, "sd": 81.04752349853516}