{"bootstrapped_fid": {"lama": {"mean": 43.702967628479, "std": 1.4286954765155568}, "opencv": {"mean": 49.542882278442384, "std": 1.6423827415303065}, "sd": {"mean": 45.26276251983643, "std": 1.2944255364015318}}, "normality": {"lama": {"statistic": 0.9970089060694641, "p_value": 0.49409196337799177, "normal": "True"}, "opencv": {"statistic": 0.9978945425163687, "p_value": 0.7965028852445921, "normal": "True"}, "sd": {"statistic": 0.996993911558669, "p_value": 0.48929755210170706, "normal": "True"}}, "wilcoxon": {"opencv_lama": {"p_value": 1.2647189486921487e-83, "observed_diff": 5.758842468261719}, "sd_lama": {"p_value": 3.1596647066859406e-48, "observed_diff": 1.5489635467529297}, "lama_sd": {"p_value": 3.1596647066859406e-48, "observed_diff": -1.5489635467529297}, "opencv_sd": {"p_value": 7.732896667433622e-83, "observed_diff": 4.369058609008789}}, "t_test": {"opencv_lama": {"p_value": 0.0, "observed_diff": 5.839914649963383}, "sd_lama": {"p_value": 2.6325672820135355e-63, "observed_diff": 1.559794891357427}, "lama_sd": {"p_value": 2.6325672820135355e-63, "observed_diff": -1.559794891357427}, "opencv_sd": {"p_value": 7.931197764244599e-242, "observed_diff": 4.280119758605956}}}