{"p_value_opencv_lama_small_ws": 0.5247280158456833, "obs_diff_opencv_lama_small_ws": -0.014293670654296875, "p_value_opencv_lama_middle_ws": 4.213576486645846e-55, "obs_diff_opencv_lama_middle_ws": 4.523475646972656, "p_value_opencv_lama_big_ws": 1.2800120754180319e-83, "obs_diff_opencv_lama_big_ws": 13.865318298339844, "p_value_opencv_lama_small_tt": 0.2641934113898878, "obs_diff_opencv_lama_small_tt": 0.28031336975097076, "p_value_opencv_lama_middle_tt": 2.4640506759237545e-79, "obs_diff_opencv_lama_middle_tt": 4.631151260375972, "p_value_opencv_lama_big_tt": 1.3397888416822715e-308, "obs_diff_opencv_lama_big_tt": 13.912266921997059, "p_value_sd_lama_small_ws": 8.19204468819197e-37, "obs_diff_sd_lama_small_ws": 3.502552032470703, "p_value_sd_lama_middle_ws": 1.1775002748600241e-16, "obs_diff_sd_lama_middle_ws": 2.0618515014648438, "p_value_sd_lama_big_ws": 2.0071431018035493e-61, "obs_diff_sd_lama_big_ws": -5.604927062988281, "p_value_sd_lama_small_tt": 8.882550148690056e-46, "obs_diff_sd_lama_small_tt": 3.778031860351561, "p_value_sd_lama_middle_tt": 2.3921238844808927e-18, "obs_diff_sd_lama_middle_tt": 2.057476257324211, "p_value_sd_lama_big_tt": 4.137331187877415e-95, "obs_diff_sd_lama_big_tt": -5.602355651855476, "p_value_sd_opencv_small_ws": 6.718365108935876e-34, "obs_diff_sd_opencv_small_ws": 3.5228843688964844, "p_value_sd_opencv_middle_ws": 3.498374854457692e-24, "obs_diff_sd_opencv_middle_ws": -2.5535964965820312, "p_value_sd_opencv_big_ws": 1.2647189486921487e-83, "obs_diff_sd_opencv_big_ws": -19.60718536376953, "p_value_sd_opencv_small_tt": 2.308252375391025e-41, "obs_diff_sd_opencv_small_tt": 3.4977184906005903, "p_value_sd_opencv_middle_tt": 1.970865750694844e-27, "obs_diff_sd_opencv_middle_tt": -2.5736750030517612, "p_value_sd_opencv_big_tt": 0.0, "obs_diff_sd_opencv_big_tt": -19.514622573852535}