{"p_value_opencv_lama_small_ws": 0.6998812237872718, "obs_diff_opencv_lama_small_ws": 0.0075206756591796875, "p_value_opencv_lama_middle_ws": 2.195906074652304e-81, "obs_diff_opencv_lama_middle_ws": 6.517005920410156, "p_value_opencv_lama_big_ws": 1.3111538417715209e-83, "obs_diff_opencv_lama_big_ws": 16.702396392822266, "p_value_opencv_lama_small_tt": 0.9603163054298224, "obs_diff_opencv_lama_small_tt": 0.007170425415033321, "p_value_opencv_lama_middle_tt": 3.1197259798955427e-206, "obs_diff_opencv_lama_middle_tt": 6.494743545532231, "p_value_opencv_lama_big_tt": 0.0, "obs_diff_opencv_lama_big_tt": 16.61736190795898, "p_value_sd_lama_small_ws": 1.697607548487101e-83, "obs_diff_sd_lama_small_ws": 7.738857269287109, "p_value_sd_lama_middle_ws": 1.0197283530068437e-70, "obs_diff_sd_lama_middle_ws": 4.8538360595703125, "p_value_sd_lama_big_ws": 1.9726220275294545e-38, "obs_diff_sd_lama_big_ws": -3.812511444091797, "p_value_sd_lama_small_tt": 1.837551380938845e-299, "obs_diff_sd_lama_small_tt": 7.687777194976803, "p_value_sd_lama_middle_tt": 2.641095706076645e-130, "obs_diff_sd_lama_middle_tt": 4.864078758239749, "p_value_sd_lama_big_tt": 9.996427163585529e-49, "obs_diff_sd_lama_big_tt": -3.8415078582763726, "p_value_sd_opencv_small_ws": 1.319056639922145e-83, "obs_diff_sd_opencv_small_ws": 7.784761428833008, "p_value_sd_opencv_middle_ws": 5.5957292838887775e-19, "obs_diff_sd_opencv_middle_ws": -1.7345314025878906, "p_value_sd_opencv_big_ws": 1.2647189486921487e-83, "obs_diff_sd_opencv_big_ws": -20.570106506347656, "p_value_sd_opencv_small_tt": 2.89105431166255e-309, "obs_diff_sd_opencv_small_tt": 7.68060676956177, "p_value_sd_opencv_middle_tt": 1.4540633028575648e-21, "obs_diff_sd_opencv_middle_tt": -1.6306647872924813, "p_value_sd_opencv_big_tt": 0.0, "obs_diff_sd_opencv_big_tt": -20.458869766235352}