{"normality": {"lama": null, "opencv": null, "sd": null}, "wilcoxon": {"opencv_lama": {"p_value": 0.3125, "observed_diff": 2.86065673828125}, "sd_lama": {"p_value": 0.3125, "observed_diff": 11.290679931640625}, "lama_sd": {"p_value": 0.3125, "observed_diff": -11.290679931640625}, "opencv_sd": {"p_value": 0.3125, "observed_diff": 6.9275970458984375}}, "t_test": {"opencv_lama": {"p_value": 0.06597862786554766, "observed_diff": 15.958538818359358}, "sd_lama": {"p_value": 0.2813060448903493, "observed_diff": 7.502349853515625}, "lama_sd": {"p_value": 0.2813060448903493, "observed_diff": -7.502349853515625}, "opencv_sd": {"p_value": 0.1414719064419935, "observed_diff": 8.456188964843733}}}