{"lama_small": 30.19165802001953, "lama_middle": 45.19919967651367, "lama_big": 93.07777404785156, "opencv_small": 30.239673614501953, "opencv_middle": 51.17277908325195, "opencv_big": 108.59081268310547, "sd_small": 36.738189697265625, "sd_middle": 49.20923614501953, "sd_big": 88.17733001708984}