{"lama_small": 29.674606323242188, "lama_middle": 37.55231475830078, "lama_big": 110.84394073486328, "opencv_small": 29.244565963745117, "opencv_middle": 42.29081344604492, "opencv_big": 128.3768768310547, "sd_small": 37.07098388671875, "sd_middle": 41.06283950805664, "sd_big": 103.4722671508789}