{"lama": 61.142303466796875, "opencv": 66.08404541015625, "sd": 64.37800598144531}