{"p_value_opencv_lama_small_ws": 1.0, "obs_diff_opencv_lama_small_ws": -3.68890380859375, "p_value_opencv_lama_middle_ws": 0.625, "obs_diff_opencv_lama_middle_ws": -25.334762573242188, "p_value_opencv_lama_big_ws": 0.125, "obs_diff_opencv_lama_big_ws": 12.2828369140625, "p_value_opencv_lama_small_tt": 0.8204856197358236, "obs_diff_opencv_lama_small_tt": 3.0287017822265625, "p_value_opencv_lama_middle_tt": 0.6160516493599999, "obs_diff_opencv_lama_middle_tt": -7.720220947265602, "p_value_opencv_lama_big_tt": 0.10686191356898338, "obs_diff_opencv_lama_big_tt": 14.800759887695335, "p_value_sd_lama_small_ws": 0.8125, "obs_diff_sd_lama_small_ws": 12.542709350585938, "p_value_sd_lama_middle_ws": 0.1875, "obs_diff_sd_lama_middle_ws": -9.81707763671875, "p_value_sd_lama_big_ws": 0.125, "obs_diff_sd_lama_big_ws": 36.50579833984375, "p_value_sd_lama_small_tt": 0.7086318299527218, "obs_diff_sd_lama_small_tt": 4.570892333984375, "p_value_sd_lama_middle_tt": 0.07702101974249229, "obs_diff_sd_lama_middle_tt": -16.602703857421858, "p_value_sd_lama_big_tt": 0.04545631348869147, "obs_diff_sd_lama_big_tt": 26.17540588378904, "p_value_sd_opencv_small_ws": 1.0, "obs_diff_sd_opencv_small_ws": 8.248992919921875, "p_value_sd_opencv_middle_ws": 0.8125, "obs_diff_sd_opencv_middle_ws": -9.664474487304688, "p_value_sd_opencv_big_ws": 0.3125, "obs_diff_sd_opencv_big_ws": 10.764923095703125, "p_value_sd_opencv_small_tt": 0.8826668915219911, "obs_diff_sd_opencv_small_tt": 1.5421905517578125, "p_value_sd_opencv_middle_tt": 0.5669982537421228, "obs_diff_sd_opencv_middle_tt": -8.882482910156256, "p_value_sd_opencv_big_tt": 0.3273271228523872, "obs_diff_sd_opencv_big_tt": 11.374645996093705}